{
  "project_info": {
    "project_number": "150530986067",
    "firebase_url": "https://home-automation-c2d68-default-rtdb.firebaseio.com",
    "project_id": "home-automation-c2d68",
    "storage_bucket": "home-automation-c2d68.appspot.com"
  },
  "client": [
    {
      "client_info": {
        "mobilesdk_app_id": "1:150530986067:android:a7e673af3217cebdf4b6a6",
        "android_client_info": {
          "package_name": "com.example.equipe"
        }
      },
      "oauth_client": [
        {
          "client_id": "150530986067-is44ipro9mtqs5r9jnesk90n4lj3nst2.apps.googleusercontent.com",
          "client_type": 3
        }
      ],
      "api_key": [
        {
          "current_key": "AIzaSyAKkCcNxiCOza7CFZzDCv5V8Dp3g6of1K4"
        }
      ],
      "services": {
        "appinvite_service": {
          "other_platform_oauth_client": [
            {
              "client_id": "150530986067-is44ipro9mtqs5r9jnesk90n4lj3nst2.apps.googleusercontent.com",
              "client_type": 3
            }
          ]
        }
      }
    }
  ],
  "configuration_version": "1"
}